{"cameraMode":{"drawMode":0,"name":"Shaded","section":"Shading Mode"},"sceneLighting":false,"audioPlay":false,"sceneViewState":{"m_AlwaysRefresh":false,"showFog":true,"showSkybox":false,"showFlares":true,"showImageEffects":true,"showParticleSystems":true,"showVisualEffectGraphs":true,"m_FxEnabled":true},"in2DMode":false,"pivot":{"x":-0.2633529603481293,"y":1.0363061428070069,"z":-1.2067773342132569},"rotation":{"x":0.6173610687255859,"y":-0.004719999618828297,"z":0.003704218892380595,"w":0.7866570949554443},"size":5.1571760177612309,"orthographic":true}