{"cameraMode":{"drawMode":0,"name":"Shaded","section":"Shading Mode"},"sceneLighting":false,"audioPlay":false,"sceneViewState":{"m_AlwaysRefresh":false,"showFog":true,"showSkybox":false,"showFlares":true,"showImageEffects":true,"showParticleSystems":true,"showVisualEffectGraphs":true,"m_FxEnabled":true},"in2DMode":false,"pivot":{"x":2.384185791015625e-7,"y":1.7773810625076295,"z":0.08117103576660156},"rotation":{"x":0.029309630393981935,"y":-0.9634149074554443,"z":0.23882915079593659,"w":0.11821138858795166},"size":3.1705167293548586,"orthographic":true}